episode_number,success_episode,failure_episode,episode_reward,episode_step,ego_safety_score,social_safety_score,timelapse
1,False,True,88,81
2,False,True,143,80
3,False,True,14,67
4,False,True,93,82
5,False,True,44,65
6,False,True,424,139
7,False,True,-175,14
8,False,True,4,55
9,False,True,-118,30
10,False,True,52,57
11,True,False,696,81
12,False,True,-169,14
13,False,True,-22,52
14,False,True,-147,25
15,True,False,782,98
16,False,True,188,92
17,False,True,-99,25
18,False,True,-136,18
19,False,True,309,138
20,False,True,153,74
21,False,True,166,99
22,False,True,111,87
23,False,True,30,59
24,False,True,-95,30
25,False,True,-78,38
26,False,True,-9,47
27,False,True,192,79
28,False,True,-161,15
29,False,True,77,71
30,False,True,508,159
31,False,True,-61,38
32,False,True,-99,31
33,False,True,-101,27
34,False,True,-135,20
35,False,True,-126,26
36,False,True,-98,25
37,False,True,206,121
38,False,True,264,85
39,False,True,522,160
40,False,True,-67,34
41,False,True,-91,30
42,False,True,-92,37
43,False,True,-27,46
44,False,True,-142,26
45,False,True,278,90
46,False,True,-68,36
47,False,True,133,75
48,False,True,189,115
49,False,True,209,103
50,False,True,-133,19
51,False,True,-166,17
52,False,True,-149,15
53,False,True,-29,41
54,False,True,296,128
55,False,True,171,86
56,False,True,-85,30
57,False,True,-41,39
58,False,True,-97,26
59,False,True,-49,40
60,False,True,-23,42
61,False,True,259,129
62,False,True,356,97
63,False,True,-110,29
64,False,True,325,104
65,False,True,8,57
66,False,True,-147,17
67,False,True,-172,14
68,False,True,-130,22
69,False,True,151,83
70,True,False,803,100
71,False,True,-50,33
72,False,True,335,134
73,False,True,-78,32
74,False,True,315,91
75,False,True,330,101
76,False,True,-68,32
77,False,True,-47,36
78,False,True,-102,25
79,False,True,-176,14
80,False,True,-143,21
81,False,True,-188,11
82,False,True,-62,39
83,False,True,-80,32
84,False,True,153,78
85,False,True,-117,23
86,False,True,273,88
87,False,True,-144,21
88,False,True,-39,40
89,False,True,41,63
90,False,True,151,86
91,False,True,-155,16
92,False,True,95,74
93,False,True,-104,34
94,False,True,-164,16
95,False,True,-129,21
96,False,True,69,69
97,False,True,-58,35
98,False,True,94,78
99,False,True,-60,37
100,False,True,-6,61
101,False,True,198,83
102,True,False,684,78
103,False,True,13,59
104,False,True,-165,11
105,False,True,74,60
106,False,True,-135,21
107,False,True,91,72
108,False,True,217,129
109,False,True,233,136
110,False,True,457,167
111,False,True,-100,31
112,False,True,12,53
113,False,True,-48,46
114,False,True,497,144
115,False,True,-94,40
116,False,True,485,152
117,False,True,24,49
118,False,True,-49,40
119,False,True,-126,24
120,False,True,-147,16
121,False,True,-63,33
122,False,True,112,82
123,False,True,-178,13
124,False,True,-100,27
125,False,True,149,95
126,False,True,403,108
127,False,True,-162,15
128,False,True,-162,16
129,False,True,-126,22
130,False,True,451,134
131,False,True,291,84
132,False,True,396,166
133,False,True,134,83
134,False,True,-103,26
135,False,True,45,62
136,False,True,-112,24
137,False,True,-154,17
138,False,True,-52,41
139,False,True,284,98
140,False,True,-81,31
141,False,True,197,109
142,False,True,-118,22
143,False,True,57,72
144,False,True,370,97
145,False,True,-141,19
146,False,True,-84,27
147,False,True,-78,34
148,False,True,326,146
149,False,True,-158,15
150,False,True,-128,21
151,False,True,-149,17
152,False,True,-98,25
153,False,True,-119,22
154,False,True,177,115
155,False,True,-126,19
156,False,True,-48,44
157,False,True,80,70
158,False,True,-86,34
159,False,True,-168,13
160,False,True,-142,17
161,False,True,-133,20
162,False,True,-151,15
163,False,True,23,57
164,False,True,399,168
165,False,True,-100,28
166,False,True,301,130
167,False,True,-48,39
168,True,False,863,124
169,False,True,-93,30
170,False,True,17,57
171,False,True,-49,47
172,False,True,166,85
173,False,True,58,74
174,False,True,-142,19
175,False,True,-174,17
176,False,True,150,94
177,False,True,195,85
178,False,True,70,75
179,False,True,95,65
180,False,True,-61,41
181,False,True,401,123
182,False,True,71,69
183,False,True,115,91
184,False,True,-39,48
185,False,True,13,54
186,False,True,-148,16
187,False,True,221,89
188,False,True,18,51
189,False,True,125,77
190,False,True,250,121
191,False,True,-111,27
192,False,True,-136,22
193,False,True,199,112
194,False,True,-182,14
195,False,True,-81,40
196,False,True,505,200
197,False,True,14,50
198,False,True,-68,37
199,False,True,-175,15
200,False,True,59,59
201,False,True,-148,16
202,False,True,146,79
203,False,True,256,88
204,False,True,420,120
205,False,True,330,103
206,False,True,15,60
207,False,True,94,68
208,False,True,391,102
209,True,False,740,94
210,False,True,358,142
211,False,True,-61,30
212,False,True,224,77
213,False,True,-131,25
214,False,True,-185,13
215,False,True,-143,19
216,False,True,645,200
217,False,True,-132,18
218,False,True,-72,37
219,False,True,259,126
220,False,True,-131,25
221,False,True,-49,39
222,False,True,212,85
223,False,True,-54,45
224,True,False,845,112
225,False,True,223,81
226,False,True,-150,17
227,False,True,82,64
228,False,True,23,54
229,False,True,-15,50
230,False,True,-69,34
231,False,True,325,131
232,False,True,225,76
233,False,True,129,96
234,False,True,2,47
235,False,True,-122,24
236,False,True,143,94
237,False,True,-7,51
238,False,True,250,101
239,False,True,200,100
240,False,True,218,85
241,False,True,58,73
242,False,True,601,200
243,False,True,-158,16
244,False,True,-73,31
245,False,True,-127,24
246,False,True,204,91
247,False,True,245,108
248,False,True,-181,13
249,False,True,76,62
250,False,True,224,86
251,False,True,-152,17
252,False,True,309,91
253,False,True,115,83
254,False,True,209,123
255,False,True,20,56
256,False,True,228,79
257,False,True,-138,20
258,False,True,60,82
259,False,True,173,103
260,False,True,21,70
261,False,True,-137,20
262,False,True,-113,27
263,True,False,792,99
264,False,True,100,74
265,False,True,-102,26
266,True,False,761,96
267,False,True,-9,49
268,False,True,281,87
269,False,True,241,110
270,False,True,27,63
271,False,True,-42,45
272,False,True,85,74
273,False,True,-109,26
274,False,True,522,168
275,False,True,166,83
276,False,True,126,91
277,False,True,-151,19
278,False,True,-152,16
279,False,True,-129,20
280,False,True,-170,14
281,False,True,201,90
282,False,True,136,73
283,False,True,-131,19
284,False,True,-8,50
285,False,True,72,80
286,False,True,-106,27
287,False,True,-129,24
288,False,True,-75,34
289,False,True,-124,20
290,False,True,-173,14
291,False,True,-95,40
292,False,True,-133,20
293,False,True,-117,23
294,False,True,-72,32
295,False,True,312,115
296,False,True,-114,22
297,False,True,276,95
298,False,True,-66,34
299,False,True,95,83
300,False,True,-27,51
301,False,True,185,76
302,False,True,68,60
303,False,True,179,90
304,False,True,-160,16
305,False,True,260,119
306,False,True,-157,15
307,False,True,-131,21
308,False,True,87,75
309,False,True,-169,15
310,False,True,284,106
311,False,True,428,169
312,False,True,-16,48
313,False,True,-132,21
314,False,True,-134,20
315,False,True,144,79
316,False,True,49,67
317,False,True,-117,21
318,False,True,499,141
319,False,True,489,195
320,False,True,-169,16
321,False,True,-27,40
322,False,True,120,83
323,False,True,37,71
324,False,True,-175,15
325,False,True,-51,39
326,False,True,418,126
327,False,True,190,111
328,False,True,15,57
329,False,True,-52,43
330,False,True,50,63
331,False,True,422,164
332,False,True,-192,2
333,False,True,-180,13
334,False,True,201,92
335,False,True,128,83
336,False,True,-83,31
337,False,True,135,75
338,False,True,-102,26
339,False,True,-165,14
340,False,True,154,112
341,False,True,97,81
342,False,True,-18,51
343,False,True,-115,29
344,False,True,161,85
345,False,True,112,81
346,False,True,150,78
347,False,True,-146,18
348,False,True,-135,21
349,False,True,-92,32
350,False,True,-32,52
351,False,True,292,92
352,False,True,-78,30
353,False,True,315,136
354,False,True,-109,25
355,False,True,198,108
356,False,True,-174,20
357,False,True,186,78
358,False,True,-164,16
359,False,True,-174,12
360,False,True,-172,14
361,False,True,61,61
362,False,True,107,88
363,False,True,412,124
364,False,True,287,101
365,False,True,334,153
366,False,True,141,85
367,False,True,81,68
368,False,True,81,77
369,False,True,549,200
370,False,True,12,50
371,False,True,19,58
372,False,True,-124,29
373,False,True,432,130
374,False,True,216,83
375,False,True,4,66
376,False,True,125,82
377,False,True,138,86
378,False,True,181,77
379,False,True,-86,29
380,False,True,-175,14
381,False,True,-103,26
382,False,True,-162,15
383,False,True,181,112
384,False,True,286,106
385,False,True,-149,17
386,False,True,-146,16
387,False,True,313,98
388,False,True,13,64
389,True,False,728,84
390,True,False,905,127
391,False,True,-116,22
392,False,True,133,94
393,False,True,-78,38
394,False,True,143,72
395,False,True,-92,29
396,False,True,-179,13
397,False,True,164,90
398,False,True,52,64
399,False,True,34,61
400,False,True,481,158
401,False,True,30,64
402,False,True,166,92
403,False,True,472,182
404,False,True,177,90
405,False,True,-109,28
406,False,True,118,98
407,False,True,289,90
408,False,True,156,93
409,False,True,-188,12
410,False,True,-122,18
411,True,False,897,142
412,False,True,-107,24
413,False,True,-131,18
414,False,True,-26,49
415,False,True,277,112
416,False,True,-86,34
417,False,True,-139,18
418,False,True,-139,19
419,False,True,268,117
420,False,True,397,158
421,False,True,-82,30
422,False,True,168,79
423,False,True,-57,41
424,False,True,386,113
425,False,True,1,48
426,False,True,-61,35
427,False,True,226,128
428,False,True,521,196
429,False,True,-68,36
430,False,True,221,119
431,False,True,123,83
432,False,True,136,89
433,False,True,177,92
434,False,True,-155,22
435,False,True,-34,40
436,False,True,-56,34
437,False,True,129,77
438,True,False,760,91
439,False,True,-70,31
440,False,True,-4,48
441,False,True,619,192
442,False,True,214,77
443,True,False,728,90
444,False,True,-38,40
445,False,True,181,94
446,False,True,-174,15
447,False,True,-84,32
448,False,True,-156,17
449,False,True,28,56
450,False,True,66,67
451,False,True,-87,31
452,True,False,871,131
453,False,True,81,76
454,False,True,-24,40
455,False,True,-59,47
456,False,True,98,81
457,False,True,-5,50
458,False,True,-52,38
459,False,True,-134,22
460,False,True,-64,44
461,False,True,143,76
462,False,True,-148,15
463,False,True,-57,35
464,False,True,31,67
465,False,True,-157,18
466,False,True,-154,16
467,False,True,617,180
468,False,True,-158,16
469,False,True,366,105
470,False,True,368,103
471,False,True,-101,26
472,False,True,-116,33
473,False,True,-153,15
474,False,True,34,70
475,False,True,-55,35
476,False,True,13,47
477,False,True,-61,48
478,False,True,133,83
479,False,True,104,81
480,False,True,173,97
481,False,True,-84,29
482,False,True,-169,16
483,False,True,443,133
484,False,True,27,60
485,False,True,57,78
486,False,True,-119,25
487,False,True,360,122
488,False,True,158,83
489,False,True,430,180
490,False,True,233,118
491,False,True,-32,44
492,False,True,-118,20
493,False,True,-122,21
494,False,True,130,81
495,False,True,210,82
496,False,True,-166,15
497,False,True,107,71
498,False,True,503,196
499,False,True,-155,17
500,False,True,-117,21
501,False,True,115,77
502,False,True,-102,35
503,False,True,-49,48
504,False,True,-6,54
505,False,True,-17,41
506,False,True,176,100
507,False,True,10,57
508,False,True,-125,23
509,False,True,-184,12
510,False,True,-90,27
511,False,True,23,62
512,False,True,335,105
513,True,False,768,92
514,False,True,91,80
515,False,True,-169,14
516,False,True,-102,27
517,False,True,178,78
518,False,True,-87,29
519,False,True,22,58
520,False,True,-27,42
521,False,True,23,52
522,False,True,2,51
523,False,True,140,98
524,False,True,39,61
525,False,True,-21,45
526,False,True,-4,48
527,False,True,-135,19
528,False,True,154,77
529,False,True,24,61
530,False,True,-51,35
531,False,True,32,65
532,True,False,909,146
533,False,True,168,96
534,False,True,-143,20
535,False,True,162,85
536,False,True,191,89
537,False,True,459,141
538,False,True,-40,48
539,False,True,-2,53
540,False,True,133,93
541,False,True,-95,24
542,False,True,340,105
543,False,True,-88,32
544,False,True,138,93
545,False,True,-101,26
546,False,True,-108,25
547,False,True,108,81
548,False,True,384,123
549,False,True,69,66
550,False,True,296,90
551,False,True,438,156
552,False,True,177,101
553,False,True,86,69
554,False,True,35,66
555,False,True,-99,28
556,False,True,177,89
557,False,True,449,124
558,False,True,-165,15
559,True,False,834,111
560,False,True,-179,16
561,False,True,159,99
562,False,True,-34,54
563,False,True,40,62
564,False,True,11,57
565,False,True,-34,45
566,False,True,-137,19
567,False,True,374,144
568,False,True,146,78
569,False,True,65,63
570,False,True,40,60
571,False,True,-21,45
572,False,True,-126,22
573,False,True,-116,28
574,False,True,269,115
575,False,True,114,84
576,False,True,271,83
577,True,False,678,79
578,False,True,-154,18
579,False,True,506,166
580,False,True,-144,19
581,False,True,-51,44
582,False,True,390,124
583,False,True,42,71
584,False,True,144,99
585,False,True,344,103
586,False,True,252,99
587,False,True,-131,19
588,False,True,279,89
589,False,True,163,96
590,False,True,-113,22
591,False,True,-3,62
592,False,True,223,103
593,False,True,143,111
594,False,True,355,124
595,False,True,-40,42
596,False,True,367,110
597,False,True,151,101
598,False,True,-45,48
599,False,True,1,47
600,False,True,-172,15
601,False,True,4,45
602,False,True,348,112
603,False,True,-25,46
604,False,True,72,70
605,False,True,306,97
606,False,True,217,88
607,False,True,481,148
608,False,True,104,77
609,False,True,266,133
610,False,True,334,133
611,False,True,-180,13
612,False,True,-127,20
613,False,True,-163,15
614,False,True,-101,22
615,False,True,-125,23
616,False,True,-104,22
617,False,True,406,169
618,False,True,17,71
619,False,True,-155,15
620,False,True,639,200
621,False,True,-57,38
622,False,True,110,103
623,False,True,-134,18
624,False,True,-61,47
625,False,True,176,81
626,False,True,443,143
627,False,True,245,134
628,False,True,-138,17
629,False,True,301,131
630,False,True,92,76
631,False,True,-107,27
632,False,True,341,132
633,False,True,-162,15
634,False,True,59,85
635,False,True,273,106
636,False,True,-107,25
637,False,True,-154,14
638,False,True,-99,33
639,False,True,57,72
640,False,True,-80,34
641,False,True,-167,14
642,False,True,302,104
643,False,True,-5,57
644,False,True,273,83
645,True,False,708,85
646,False,True,-165,13
647,True,False,710,95
648,False,True,86,81
649,False,True,-92,27
650,False,True,94,74
651,False,True,-155,18
652,False,True,180,102
653,False,True,328,101
654,False,True,-156,16
655,False,True,-175,13
656,False,True,76,76
657,False,True,235,116
658,False,True,124,85
659,False,True,-19,53
660,False,True,507,176
661,False,True,-19,48
662,False,True,-98,34
663,False,True,365,117
664,False,True,-154,16
665,False,True,-143,17
666,False,True,-108,25
667,False,True,321,97
668,False,True,-87,31
669,False,True,173,82
670,False,True,-116,23
671,False,True,-106,22
672,False,True,-133,21
673,False,True,-96,30
674,True,False,789,109
675,False,True,-62,33
676,False,True,-102,28
677,False,True,-105,29
678,False,True,233,81
679,False,True,-25,59
680,False,True,159,68
681,False,True,87,74
682,False,True,-27,46
683,False,True,-150,16
684,False,True,305,138
685,False,True,-76,33
686,False,True,-156,16
687,False,True,29,59
688,False,True,106,68
689,True,False,700,84
690,True,False,720,98
691,False,True,56,68
692,False,True,23,61
693,False,True,271,98
694,False,True,225,106
695,False,True,-186,11
696,False,True,-60,33
697,False,True,40,56
698,False,True,71,77
699,False,True,151,87
700,False,True,117,64
701,False,True,305,96
702,False,True,422,190
703,False,True,-110,25
704,False,True,-116,23
705,False,True,-179,13
706,False,True,49,71
707,False,True,413,118
708,False,True,-74,32
709,False,True,148,79
710,False,True,-180,12
711,False,True,-121,21
712,False,True,-159,15
713,False,True,-118,19
714,False,True,73,72
715,False,True,-35,40
716,False,True,-172,20
717,False,True,168,85
718,False,True,-126,20
719,False,True,156,91
720,True,False,945,154
721,False,True,38,65
722,False,True,-139,19
723,False,True,104,68
724,False,True,128,85
725,False,True,117,67
726,False,True,102,66
727,True,False,729,93
728,False,True,-144,18
729,False,True,-170,15
730,False,True,238,114
731,False,True,88,68
732,False,True,-122,19
733,False,True,30,64
734,False,True,559,200
735,False,True,-15,51
736,True,False,698,82
737,False,True,-173,13
738,False,True,-55,34
739,False,True,-132,22
740,False,True,46,60
741,False,True,149,72
742,False,True,-142,20
743,False,True,-143,20
744,False,True,210,79
745,False,True,111,79
746,False,True,215,119
747,False,True,109,82
748,False,True,-36,45
749,False,True,256,92
750,False,True,-155,17
751,False,True,467,172
752,False,True,-16,45
753,False,True,556,200
754,False,True,323,124
755,False,True,-110,26
756,False,True,491,155
757,False,True,-60,33
758,False,True,260,129
759,False,True,366,117
760,False,True,-81,33
761,False,True,268,149
762,False,True,-89,29
763,False,True,263,118
764,False,True,-54,36
765,False,True,115,80
766,False,True,-182,11
767,False,True,-131,20
768,False,True,-171,13
769,False,True,-162,14
770,False,True,439,179
771,False,True,-181,13
772,False,True,-34,42
773,False,True,181,85
774,False,True,-5,50
775,False,True,207,103
776,False,True,-140,20
777,False,True,-157,17
778,False,True,355,97
779,False,True,85,81
780,False,True,-103,24
781,True,False,720,86
782,False,True,244,97
783,False,True,-85,35
784,False,True,-181,13
785,False,True,188,87
786,False,True,200,112
787,False,True,98,79
788,False,True,-154,17
789,False,True,-75,31
790,False,True,333,164
791,False,True,-169,15
792,False,True,-149,17
793,False,True,294,98
794,False,True,-20,53
795,False,True,262,96
796,False,True,346,103
797,False,True,-172,15
798,False,True,528,200
799,False,True,-16,50
800,False,True,-129,21
801,False,True,473,191
802,False,True,213,84
803,False,True,12,54
804,False,True,-165,15
805,False,True,-90,32
806,False,True,441,162
807,False,True,9,70
808,False,True,15,56
809,False,True,-72,35
810,False,True,-172,19
811,False,True,38,60
812,False,True,466,158
813,False,True,87,67
814,False,True,-182,13
815,False,True,-149,17
816,False,True,-110,26
817,False,True,-23,41
818,False,True,41,64
819,False,True,41,63
820,False,True,135,68
821,False,True,-109,21
822,False,True,-117,20
823,False,True,178,101
824,False,True,102,74
825,False,True,-112,23
826,False,True,-60,52
827,False,True,132,69
828,False,True,531,167
829,False,True,-76,35
830,False,True,-144,17
831,False,True,143,75
832,False,True,-163,14
833,False,True,-70,30
834,False,True,245,81
835,False,True,-119,24
836,False,True,326,94
837,False,True,-51,33
838,False,True,-133,17
839,False,True,350,96
840,False,True,38,64
841,False,True,-136,21
842,True,False,901,144
843,False,True,431,161
844,False,True,236,124
845,False,True,-75,46
846,False,True,187,78
847,False,True,-56,35
848,False,True,-111,21
849,False,True,-159,15
850,False,True,301,106
851,False,True,145,96
852,False,True,226,109
853,False,True,-65,49
854,False,True,-58,34
855,False,True,353,159
856,False,True,391,131
857,False,True,99,81
858,False,True,413,126
859,False,True,599,200
860,False,True,260,107
861,False,True,3,49
862,False,True,174,76
863,False,True,187,104
864,False,True,254,91
865,True,False,728,87
866,False,True,431,122
867,False,True,-164,14
868,False,True,134,92
869,True,False,781,102
870,False,True,302,105
871,False,True,468,167
872,False,True,-119,22
873,False,True,209,81
874,False,True,-165,23
875,False,True,205,76
876,False,True,-115,22
877,False,True,-11,56
878,False,True,305,90
879,False,True,-92,26
880,False,True,-147,19
881,False,True,183,97
882,False,True,235,90
883,False,True,530,161
884,False,True,365,114
885,False,True,84,69
886,False,True,-124,21
887,False,True,-150,18
888,False,True,92,69
889,False,True,278,121
890,False,True,-117,25
891,False,True,-83,30
892,False,True,34,65
893,False,True,-107,23
894,False,True,173,98
895,False,True,163,81
896,True,False,805,104
897,False,True,68,84
898,False,True,-175,10
899,False,True,-150,16
900,False,True,152,89
901,False,True,28,80
902,False,True,-175,12
903,False,True,65,67
904,False,True,165,80
905,False,True,485,151
906,False,True,-130,20
907,True,False,703,85
908,False,True,123,73
909,False,True,167,115
910,False,True,104,71
911,False,True,-109,26
912,False,True,-113,24
913,False,True,-114,22
914,True,False,779,111
915,False,True,117,84
916,False,True,-97,28
917,False,True,-182,13
918,False,True,-28,43
919,False,True,46,67
920,False,True,135,72
921,False,True,24,61
922,False,True,-90,29
923,False,True,315,108
924,False,True,-99,26
925,False,True,127,87
926,False,True,-123,21
927,False,True,-36,45
928,False,True,-112,21
929,False,True,-159,16
930,False,True,-126,23
931,False,True,-6,48
932,False,True,49,61
933,False,True,-2,51
934,False,True,231,113
935,False,True,188,78
936,False,True,321,97
937,False,True,226,110
938,False,True,-156,16
939,False,True,40,65
940,False,True,-170,13
941,False,True,-136,19
942,False,True,59,65
943,False,True,-54,37
944,False,True,-150,18
945,False,True,153,86
946,False,True,7,67
947,False,True,438,132
948,False,True,202,129
949,False,True,-164,16
950,False,True,-108,25
951,False,True,-117,22
952,False,True,-114,23
953,True,False,714,95
954,False,True,25,53
955,False,True,-93,31
956,False,True,246,85
957,False,True,244,130
958,False,True,137,65
959,False,True,-173,13
960,False,True,-150,15
961,False,True,-159,14
962,False,True,128,64
963,False,True,-61,34
964,False,True,-111,24
965,False,True,-174,11
966,False,True,-116,20
967,False,True,-124,22
968,False,True,152,70
969,False,True,-184,11
970,False,True,84,72
971,False,True,-3,47
972,False,True,68,80
973,False,True,-53,38
974,False,True,346,143
975,False,True,-176,12
976,False,True,-68,34
977,True,False,739,88
978,False,True,229,85
979,False,True,-133,20
980,False,True,-129,27
981,False,True,98,84
982,True,False,783,95
983,False,True,-105,31
984,False,True,-150,18
985,False,True,-123,24
986,False,True,-17,60
987,False,True,-42,36
988,False,True,-62,37
989,False,True,125,88
990,False,True,-178,12
991,False,True,-140,21
992,False,True,-171,13
993,False,True,-76,30
994,False,True,-166,15
995,False,True,-78,34
996,False,True,-132,22
997,False,True,-158,16
998,False,True,-95,44
999,False,True,-114,25
1000,False,True,399,157
1001,False,True,62,65
1002,False,True,149,79
1003,False,True,-89,29
1004,False,True,193,95
1005,False,True,232,112
1006,False,True,141,74
1007,False,True,332,111
1008,False,True,230,118
1009,False,True,175,84
1010,False,True,-145,20
1011,False,True,-51,37
1012,False,True,282,124
1013,False,True,362,107
1014,False,True,-1,59
1015,False,True,413,123
1016,False,True,167,110
1017,False,True,198,94
1018,False,True,215,102
1019,False,True,21,57
1020,False,True,412,198
1021,False,True,-38,46
1022,False,True,-134,21
1023,False,True,117,90
1024,False,True,184,88
1025,False,True,663,200
1026,False,True,-1,55
1027,False,True,119,81
1028,False,True,-85,26
1029,False,True,387,148
1030,False,True,177,97
1031,False,True,-153,22
1032,False,True,-131,26
1033,False,True,228,93
1034,False,True,480,150
1035,False,True,247,100
1036,False,True,-161,16
1037,False,True,-154,16
1038,False,True,36,61
1039,False,True,12,59
1040,False,True,-112,23
1041,True,False,1006,163
1042,False,True,359,133
1043,False,True,-165,15
1044,False,True,70,72
1045,False,True,-89,30
1046,False,True,-150,17
1047,False,True,-146,19
1048,False,True,202,105
1049,False,True,-148,16
1050,False,True,-92,23
1051,False,True,-170,13
1052,False,True,-41,37
1053,False,True,-160,17
1054,False,True,-169,14
1055,False,True,587,183
1056,False,True,-112,24
1057,False,True,-78,28
1058,False,True,303,102
1059,False,True,459,144
1060,False,True,62,70
1061,False,True,-92,24
1062,False,True,210,111
1063,False,True,-18,44
1064,True,False,809,109
1065,False,True,-1,42
1066,False,True,436,128
1067,False,True,-34,39
1068,False,True,312,137
1069,False,True,-115,22
1070,False,True,-165,16
1071,False,True,282,93
1072,False,True,-178,11
1073,False,True,334,112
1074,False,True,-141,22
1075,False,True,-34,40
1076,False,True,-105,24
1077,False,True,518,200
1078,False,True,-108,27
1079,False,True,-168,13
1080,False,True,-147,23
1081,False,True,249,82
1082,False,True,271,89
1083,False,True,123,81
1084,False,True,170,115
1085,False,True,324,107
1086,False,True,-90,30
1087,False,True,-144,20
1088,False,True,162,78
1089,False,True,-180,11
1090,False,True,-98,27
1091,False,True,38,72
1092,False,True,-88,32
1093,False,True,17,56
1094,False,True,8,57
1095,False,True,265,86
1096,False,True,-169,14
1097,True,False,679,81
1098,False,True,217,125
1099,False,True,28,57
1100,False,True,-47,39
1101,False,True,92,72
1102,False,True,28,59
1103,False,True,359,114
1104,False,True,277,137
1105,False,True,379,116
1106,False,True,-2,70
1107,False,True,438,143
1108,False,True,-25,48
1109,False,True,13,66
1110,False,True,-163,14
1111,False,True,-138,19
1112,False,True,30,51
1113,False,True,-73,38
1114,False,True,-180,11
1115,False,True,297,93
1116,False,True,316,91
1117,False,True,119,86
1118,False,True,39,55
1119,False,True,-51,43
1120,False,True,-70,33
1121,False,True,9,50
1122,False,True,59,59
1123,False,True,99,84
1124,False,True,155,86
1125,False,True,-100,27
1126,False,True,-143,20
1127,False,True,395,111
1128,False,True,-133,21
1129,False,True,-80,30
1130,False,True,-117,21
1131,False,True,161,70
1132,False,True,172,80
1133,False,True,-172,13
1134,False,True,86,86
1135,False,True,625,200
1136,False,True,476,141
1137,False,True,2,56
1138,False,True,63,63
1139,False,True,343,95
1140,False,True,321,133
1141,False,True,288,125
1142,False,True,-67,38
1143,False,True,116,77
1144,False,True,64,64
1145,False,True,31,61
1146,False,True,-136,22
1147,False,True,-53,38
1148,False,True,56,61
1149,False,True,-59,39
1150,False,True,148,84
1151,False,True,123,74
1152,False,True,247,78
1153,False,True,289,96
1154,False,True,-17,45
1155,False,True,80,94
1156,False,True,339,96
1157,False,True,160,95
1158,False,True,208,77
1159,False,True,-121,21
1160,False,True,-121,21
1161,False,True,474,190
1162,False,True,41,77
1163,False,True,-20,49
1164,False,True,-105,27
1165,False,True,-22,44
1166,False,True,-13,64
1167,True,False,716,84
1168,False,True,119,72
1169,False,True,56,67
1170,False,True,333,140
1171,False,True,-117,29
1172,False,True,457,124
1173,False,True,-2,47
1174,False,True,360,121
1175,False,True,-115,26
1176,False,True,-14,46
1177,False,True,-22,39
1178,False,True,-139,18
1179,False,True,-133,22
1180,False,True,234,77
1181,False,True,-47,37
1182,False,True,-33,44
1183,False,True,-36,42
1184,False,True,283,92
1185,False,True,-9,44
1186,False,True,-93,30
1187,False,True,180,115
1188,False,True,322,140
1189,False,True,233,87
1190,False,True,437,191
1191,False,True,-171,14
1192,False,True,-9,49
1193,False,True,300,97
1194,False,True,-128,25
1195,False,True,352,136
1196,False,True,-172,14
1197,False,True,290,148
1198,False,True,-150,18
1199,False,True,261,87
1200,False,True,266,91
1201,False,True,70,64
1202,False,True,24,57
1203,False,True,-122,23
1204,False,True,-173,18
1205,False,True,121,81
1206,False,True,-88,32
1207,False,True,-166,17
1208,True,False,725,88
1209,False,True,-81,31
1210,False,True,-35,42
1211,False,True,136,77
1212,False,True,-142,18
1213,False,True,101,77
1214,False,True,-173,14
1215,False,True,-13,50
1216,False,True,198,81
1217,False,True,293,103
1218,False,True,-133,19
1219,True,False,850,140
1220,False,True,-147,18
1221,False,True,-165,14
1222,True,False,928,141
1223,False,True,-138,17
1224,False,True,218,84
1225,False,True,-85,27
1226,False,True,143,79
1227,False,True,131,75
1228,False,True,-42,38
1229,False,True,-13,46
1230,False,True,133,71
1231,False,True,90,88
1232,False,True,120,84
1233,False,True,140,79
1234,False,True,-166,14
1235,False,True,-96,30
1236,False,True,-167,14
1237,False,True,111,85
1238,False,True,240,92
1239,False,True,126,104
1240,False,True,466,181
1241,False,True,599,200
1242,False,True,67,77
1243,False,True,-171,15
1244,False,True,559,158
1245,False,True,-122,28
1246,False,True,289,123
1247,False,True,149,77
1248,False,True,87,79
1249,False,True,-89,31
1250,False,True,-164,16
1251,False,True,182,81
1252,False,True,302,103
1253,False,True,-122,25
1254,False,True,-68,33
1255,False,True,-145,19
1256,False,True,-118,21
1257,False,True,186,87
1258,False,True,198,110
1259,False,True,-112,23
1260,False,True,-181,11
1261,False,True,79,79
1262,False,True,96,76
1263,False,True,239,84
1264,False,True,-110,25
1265,False,True,-87,33
1266,False,True,36,66
1267,False,True,-176,12
1268,False,True,-75,37
1269,False,True,250,87
1270,False,True,-158,13
1271,False,True,-146,16
1272,False,True,689,200
1273,False,True,-172,14
1274,False,True,-74,33
1275,False,True,-186,11
1276,False,True,-45,36
1277,False,True,299,147
1278,False,True,-35,34
1279,False,True,215,95
1280,False,True,622,189
1281,False,True,325,100
1282,False,True,-42,35
1283,False,True,-80,35
1284,False,True,-105,32
1285,False,True,222,133
1286,False,True,-118,22
1287,False,True,-63,41
1288,False,True,-91,29
1289,False,True,-125,21
1290,False,True,-87,30
1291,False,True,423,158
1292,False,True,-87,29
1293,False,True,-92,25
1294,False,True,61,68
1295,False,True,-170,13
1296,False,True,454,140
1297,False,True,-107,26
1298,False,True,60,69
1299,False,True,81,93
1300,True,False,725,87
1301,False,True,179,77
1302,False,True,-124,21
1303,False,True,-135,22
1304,False,True,-88,30
1305,True,False,862,129
1306,False,True,3,53
1307,False,True,359,148
1308,True,False,763,95
1309,False,True,42,75
1310,False,True,152,103
1311,False,True,-135,17
1312,False,True,-6,51
1313,False,True,222,114
1314,False,True,-14,50
1315,False,True,-184,12
1316,False,True,182,78
1317,False,True,-169,13
1318,False,True,-46,38
1319,False,True,374,153
1320,False,True,306,149
1321,False,True,147,84
1322,False,True,75,68
1323,False,True,221,93
1324,False,True,104,85
1325,False,True,-3,48
1326,False,True,328,138
1327,False,True,247,104
1328,False,True,-41,38
1329,False,True,378,129
1330,False,True,-105,28
1331,False,True,-153,19
1332,False,True,-112,24
1333,False,True,249,100
1334,False,True,27,61
1335,False,True,-157,17
1336,False,True,307,93
1337,False,True,-125,23
1338,False,True,62,70
1339,False,True,332,117
1340,False,True,312,142
1341,False,True,-74,33
1342,False,True,-85,31
1343,False,True,-87,28
1344,False,True,-12,51
1345,False,True,195,84
1346,False,True,-4,45
1347,False,True,88,74
1348,False,True,-136,20
1349,False,True,-135,22
1350,False,True,77,66
1351,False,True,-119,23
1352,False,True,-114,25
1353,False,True,145,107
1354,False,True,187,109
1355,False,True,-136,20
1356,False,True,-96,24
1357,False,True,1,48
1358,False,True,350,154
1359,False,True,-115,21
1360,False,True,363,111
1361,False,True,-79,33
1362,False,True,-174,12
1363,False,True,59,75
1364,False,True,136,83
1365,False,True,70,75
1366,False,True,281,89
1367,False,True,-127,25
1368,False,True,183,117
1369,False,True,-140,19
1370,False,True,362,116
1371,False,True,-41,41
1372,False,True,183,94
1373,False,True,322,97
1374,False,True,56,72
1375,False,True,-108,25
1376,False,True,153,82
1377,False,True,30,63
1378,False,True,121,73
1379,False,True,-141,17
1380,False,True,-35,41
1381,False,True,-52,35
1382,False,True,-112,29
1383,False,True,187,80
1384,False,True,-153,15
1385,False,True,-151,16
1386,False,True,495,176
1387,False,True,-130,24
1388,True,False,842,114
1389,False,True,177,116
1390,False,True,-11,41
1391,False,True,145,81
1392,False,True,-171,14
1393,False,True,-124,19
1394,False,True,-58,31
1395,False,True,-147,19
1396,True,False,1081,181
1397,False,True,290,102
1398,False,True,-168,14
1399,False,True,-160,14
1400,False,True,6,52
1401,False,True,-121,24
1402,False,True,371,178
1403,False,True,9,52
1404,False,True,0,50
1405,False,True,8,57
1406,False,True,265,89
1407,False,True,-165,13
1408,False,True,-119,26
1409,False,True,-28,41
1410,False,True,-87,28
1411,False,True,-5,45
1412,False,True,239,92
1413,False,True,-162,15
1414,False,True,-53,35
1415,False,True,-129,23
1416,False,True,111,75
1417,False,True,222,113
1418,False,True,-159,16
1419,False,True,343,106
1420,False,True,-148,19
1421,False,True,248,118
1422,False,True,288,88
1423,False,True,70,73
1424,False,True,-164,14
1425,False,True,128,84
1426,False,True,-46,56
1427,False,True,223,116
1428,False,True,19,51
1429,False,True,36,63
1430,False,True,-15,46
1431,False,True,-94,27
1432,False,True,68,86
1433,False,True,-46,42
1434,False,True,-163,18
1435,False,True,-169,13
1436,False,True,177,121
1437,False,True,-131,22
1438,False,True,-172,13
1439,False,True,308,95
1440,False,True,406,167
1441,False,True,174,90
1442,False,True,-62,39
1443,False,True,-111,24
1444,True,False,821,101
1445,False,True,230,96
1446,False,True,-52,42
1447,False,True,-73,37
1448,False,True,271,91
1449,False,True,-33,40
1450,False,True,270,87
1451,False,True,234,96
1452,False,True,-177,12
1453,False,True,-166,15
1454,False,True,379,99
1455,False,True,244,126
1456,False,True,-88,34
1457,False,True,556,144
1458,False,True,-70,33
1459,False,True,-61,33
1460,False,True,259,93
1461,False,True,-48,41
1462,False,True,244,117
1463,False,True,-79,32
1464,False,True,-103,26
1465,False,True,21,53
1466,False,True,24,65
1467,False,True,229,121
1468,False,True,-127,22
1469,False,True,-84,28
1470,False,True,-29,44
1471,False,True,369,111
1472,False,True,240,88
1473,False,True,-93,28
1474,False,True,69,78
1475,False,True,-91,28
1476,False,True,144,83
1477,False,True,-132,18
1478,False,True,177,78
1479,False,True,-155,16
1480,False,True,250,93
1481,False,True,-157,18
1482,False,True,-87,29
1483,False,True,208,111
1484,False,True,-143,19
1485,False,True,160,79
1486,False,True,-160,17
1487,False,True,-105,27
1488,False,True,298,98
1489,False,True,331,106
1490,False,True,19,64
1491,True,False,986,153
1492,False,True,-64,31
1493,False,True,-11,48
1494,False,True,-97,25
1495,False,True,-153,14
1496,False,True,309,137
1497,False,True,375,119
1498,False,True,27,57
1499,False,True,-103,27
1500,False,True,-177,13
